﻿Домашняя работа 2: Часть 1,Запишите в данный столбец окончательный ответ,Запишите в данный столбец ОБЪЯСНЕНИЕ
"Сколько различных слов можно получить из букв этого слова так, чтобы …(задание из вашего варианта)",720,"X = {у, л, ь, т, и, м, а, т, у, м} 
	У нас должно быть между буквами «т» стоят все гласные и только они. 
X1 = { т, у, и, а, у, т} 
Число перестановок с повторениями из n элементов 
¯(P_n ) (n_1,n_2,…,n_k )=n!/(n_1 !n_2 !...n_к !)
Где n = 4 (потому что места букв «т» никогда не меняются) , n1 = 2, n2 = 1, n3 = 1.
¯(P_4 )=4!/(2!1!1!)=12
	Будем рассматривать данное буквосочетание как один новый символ.
X2 = { л, ь, м, м, X1}
Число перестановок с повторениями из n элементов 
¯(P_n ) (n_1,n_2,…,n_k )=n!/(n_1 !n_2 !...n_к !)
Где n = 5, n1 = 1, n2 = 1, n3 = 2, n4 = 1 .
¯(P_5 )=5!/(1!1!2!1!)=60
Результат по правилу произведения будет 12.60=720 слов."
Сколькими способами можно составить слова из трех различных букв этого слова,210,"X = {у, л, ь, т, и, м, а} (так как слова из трех различных букв). 
Размещение без повторений  из  n  элементов по r 
A_n^r=n !/(n-r)"" !"" 
Где n = 7, r  = 3, порядок важен.
A_7^3=7 !/(7-3)"" !"" = 210"
Сколькими способами можно раздать по одной букве студентам Вашей группы,7^29,"Число различных  размещений с повторениями  из  n  элементов  по  r
A ̄_n^r=n^r
Каждый студент может быть выбран 7 способами. У нас r = 29, n = 7
A ̄_7^29=7^29"
